{
  "Background": {
    "Image": {
      "X": 0,
      "Y": 0,
      "ImageIndex": 0
    }
  },
  "Time": {
    "Hours": {
      "Tens": {
        "X": 15,
        "Y": 30,
        "ImageIndex": 1,
        "ImagesCount": 3
      },
      "Ones": {
        "X": 57,
        "Y": 30,
        "ImageIndex": 1,
        "ImagesCount": 10
      }
    },
    "Minutes": {
      "Tens": {
        "X": 15,
        "Y": 103,
        "ImageIndex": 1,
        "ImagesCount": 10
      },
      "Ones": {
        "X": 57,
        "Y": 103,
        "ImageIndex": 1,
        "ImagesCount": 10
      }
    }
  },
  "Activity": {
    "Steps": {
      "Step": {
        "TopLeftX": 0,
        "TopLeftY": 221,
        "BottomRightX": 120,
        "BottomRightY": 234,
        "Alignment": "Center",
        "Spacing": 4,
        "ImageIndex": 30,
        "ImagesCount": 10
      }
    }
  },
  "Date": {
    "MonthAndDay": {
      "Separate": {
        "Day": {
          "TopLeftX": 67,
          "TopLeftY": 192,
          "BottomRightX": 41,
          "BottomRightY": 186,
          "Alignment": "TopLeft",
          "Spacing": 1,
          "ImageIndex": 62,
          "ImagesCount": 10
        },
        "Month": {
          "TopLeftX": 34,
          "TopLeftY": 192,
          "BottomRightX": 41,
          "BottomRightY": 186,
          "Alignment": "TopLeft",
          "Spacing": 1,
          "ImageIndex": 11,
          "ImagesCount": 10
        }
      },
      "TwoDigitsMonth": true,
      "TwoDigitsDay": true
    },
    "WeekDay": {
      "X": 47,
      "Y": 173,
      "ImageIndex": 21,
      "ImagesCount": 7
    },
    "DayAmPm": {
      "TopLeftX": 99,
      "TopLeftY": 91,
      "ImageIndexAMCN": 28,
      "ImageIndexPMCN": 29,
      "ImageIndexAMEN": 28,
      "ImageIndexPMEN": 29
    }
  },
  "Status": {
    "Alarm": {
      "Coordinates": {
        "X": 70,
        "Y": 5,
        "X2": 0,
        "Y2": 0,
        "X3": 0
      },
      "ImageIndexOn": 41
    },
    "Lock": {
      "Coordinates": {
        "X": 54,
        "Y": 5,
        "X2": 0,
        "Y2": 0,
        "X3": 0
      },
      "ImageIndexOn": 42
    },
    "Bluetooth": {
      "Coordinates": {
        "X": 37,
        "Y": 5,
        "X2": 0,
        "Y2": 0,
        "X3": 0
      },
      "ImageIndexOff": 40
    },
    "Battery": {
      "Text": {
        "TopLeftX": 0,
        "TopLeftY": 0,
        "BottomRightX": 0,
        "BottomRightY": 0,
        "Alignment": 0,
        "Spacing": 0,
        "ImageIndex": 0,
        "ImagesCount": 0
      },
      "Text2": {
        "TopLeftX": 83,
        "TopLeftY": 10,
        "BottomRightX": 93,
        "BottomRightY": 16,
        "Alignment": "TopRight",
        "Spacing": 1,
        "ImageIndex": 52,
        "ImagesCount": 10
      },
      "Icon": {
        "X": 94,
        "Y": 5,
        "ImageIndex": 43,
        "ImagesCount": 9
      }
    }
  }
}